r_value,mZp_GeV,xsecXBR_pb
0.6666666666666666,3882.554064904418,0.0020293871941098277
0.6666666666666666,3883.597658474947,0.0020044951626736573
0.6666666666666666,3885.2847821182486,0.001941871784128255
0.6666666666666666,3885.964912280702,0.001929653721302198
0.6666666666666666,3888.7371789635145,0.0018812048520804384
0.6666666666666666,3892.0133304687,0.0018224332442626666
0.6666666666666666,3894.7368421052633,0.0017714026283261002
0.6666666666666666,3895.821816429616,0.001765497747956973
0.6666666666666666,3903.508771929825,0.0017242221003472551
0.6666666666666666,3906.485096073291,0.0017654977479569748
0.6666666666666666,3910.5863883569527,0.0018224332442626666
0.6666666666666666,3912.2807017543864,0.0018441399596611809
0.6666666666666666,3914.164224309395,0.0018684275789293068
0.6666666666666666,,
0.6666666666666666,3026.6806690669864,0.014324128943024705
0.6666666666666666,3026.315789473684,0.014304146649661259
0.6666666666666666,3020.318840670671,0.013894954943731374
0.6666666666666666,3021.726397543523,0.013460856104524415
0.6666666666666666,3026.315789473684,0.013117372037828187
0.6666666666666666,3027.361812281494,0.013040319151841302
0.6666666666666666,3032.997227019465,0.012632920392390395
0.6666666666666666,3035.0877192982457,0.012466958291076427
0.6666666666666666,3038.074573135487,0.012238249369681924
0.6666666666666666,3040.151144917416,0.011855908450490893
0.6666666666666666,3040.5911847868792,0.01148551242423938
0.6666666666666666,3041.0312246563426,0.011126688114894732
0.6666666666666666,3041.919371703847,0.010779074004992725
0.6666666666666666,3043.8596491228072,0.010575636674501366
0.6666666666666666,3045.160715200613,0.0104423198714067
0.6666666666666666,3045.4157105697645,0.010116086432495808
0.6666666666666666,3045.6707059389155,0.009800045006276945
0.6666666666666666,3046.2790879035056,0.00949387717927582
0.6666666666666666,3049.801734009078,0.009197274485723637
0.6666666666666666,3052.6315789473683,0.008968408006032031
0.6666666666666666,3053.3661195654167,0.008909938096776107
0.6666666666666666,3054.967425500497,0.008631578519441796
0.6666666666666666,3055.146596099076,0.008361915304916317
0.6666666666666666,3055.7995164149697,0.008100676766028598
0.6666666666666666,3059.3104561090463,0.007847599703514606
0.6666666666666666,3061.40350877193,0.007701787200122825
0.6666666666666666,3062.8525609848284,0.007602429140842625
0.6666666666666666,3066.3363850827664,0.007364918067322966
0.6666666666666666,3069.3133447724417,0.007134827189243392
0.6666666666666666,3070.1754385964914,0.007069547791678397
0.6666666666666666,3072.2903044621175,0.006911924688779366
0.6666666666666666,3075.267264151794,0.006695985990436289
0.6666666666666666,3078.1794790116746,0.006486793534788508
0.6666666666666666,3078.9473684210525,0.006298963980775621
0.6666666666666666,3079.014168630051,0.006284136559286965
0.6666666666666666,3079.13692533142,0.0060878108859147625
0.6666666666666666,3080.901226790843,0.005897618715476719
0.6666666666666666,3084.415408566344,0.00571336842831558
0.6666666666666666,3087.7192982456145,0.0055453970256926595
0.6666666666666666,3087.9295903418456,0.005534874391254136
0.6666666666666666,3091.443772117347,0.005361956770568816
0.6666666666666666,3094.4424877133406,0.005194441350806199
0.6666666666666666,3096.4912280701756,0.00507655323382048
0.6666666666666666,3098.7613866562483,0.005032159359259993
0.6666666666666666,3105.2631578947367,0.004912207301268549
0.6666666666666666,3114.0350877192986,0.004905855551150576
0.6666666666666666,3122.8070175438597,0.004899472845914384
0.6666666666666666,3131.5789473684213,0.004893007770212715
0.6666666666666666,3140.350877192983,0.0048865140398708625
0.6666666666666666,3149.122807017544,0.004879115602845936
0.6666666666666666,3154.0708048116776,0.004874947295931591
0.6666666666666666,3157.8947368421054,0.004871728367440398
0.6666666666666666,3166.666666666667,0.004864352316694413
0.6666666666666666,3175.438596491228,0.004856987433673828
0.6666666666666666,3184.2105263157896,0.004849633701470109
0.6666666666666666,3192.982456140351,0.004842291103200359
0.6666666666666666,3201.754385964912,0.004829021140559165
0.6666666666666666,3210.5263157894738,0.004792171363042528
0.6666666666666666,3219.2982456140353,0.0047556027824938694
0.6666666666666666,3227.2615871968706,0.00472264676880295
0.6666666666666666,3228.0701754385964,0.0047193687329526324
0.6666666666666666,3236.842105263158,0.004685358974905893
0.6666666666666666,3245.6140350877195,0.004654978052487998
0.6666666666666666,3254.3859649122805,0.004627315142697418
0.6666666666666666,3263.1578947368425,0.004599816623924256
0.6666666666666666,3271.08588283101,0.004575104334255749
0.6666666666666666,3271.9298245614036,0.004572481519250064
0.6666666666666666,3280.7017543859647,0.004545308857561899
0.6666666666666666,3289.4736842105267,0.004518297673517787
0.6666666666666666,3298.245614035088,0.004491447007512453
0.6666666666666666,3307.0175438596493,0.004438289147611738
0.6666666666666666,3307.9210231551133,0.004432171342476085
0.6666666666666666,3315.789473684211,0.004372915611620048
0.6666666666666666,3324.561403508772,0.004307788942356275
0.6666666666666666,3326.4759656306596,0.004293703787688999
0.6666666666666666,3333.3333333333335,0.0042405493867690965
0.6666666666666666,3342.105263157895,0.004173512544771853
0.6666666666666666,3343.948407456905,0.004159562163071847
0.6666666666666666,3350.877192982456,0.004107535456541187
0.6666666666666666,3359.6491228070176,0.004050893111458201
0.6666666666666666,3363.3662649694543,0.0040296113202004
0.6666666666666666,3368.421052631579,0.004003045424667983
0.6666666666666666,3377.1929824561403,0.003957358763763297
0.6666666666666666,3385.964912280702,0.003912193523617851
0.6666666666666666,3387.6218396443946,0.0039037203328860883
0.6666666666666666,3394.7368421052633,0.003867543753269101
0.6666666666666666,3403.5087719298244,0.0038163844924992774
0.6666666666666666,3408.482640566819,0.0037817623652671357
0.6666666666666666,3412.2807017543864,0.0037555809514851013
0.6666666666666666,3421.0526315789475,0.003695803520278011
0.6666666666666666,3425.835100639305,0.003663614544020716
0.6666666666666666,3429.8245614035086,0.003637160099009814
0.6666666666666666,3438.5964912280706,0.0035796625402210965
0.6666666666666666,3443.3077222735737,0.003549157834567433
0.6666666666666666,3447.368421052632,0.003523073923897562
0.6666666666666666,3456.140350877193,0.0034673798811438636
0.6666666666666666,3460.780343907841,0.003438276921143307
0.6666666666666666,3464.9122807017548,0.0034125662702134117
0.6666666666666666,3473.684210526316,0.0033586191729175338
0.6666666666666666,3478.252965542108,0.0033308600906185202
0.6666666666666666,3482.4561403508774,0.0033055248910913567
0.6666666666666666,3491.228070175439,0.0032532699431156472
0.6666666666666666,3495.7255871763764,0.0032267991199458083
0.6666666666666666,3500.0,0.003201841060493523
0.6666666666666666,3508.7719298245615,0.003136781559245505
0.6666666666666666,3510.495470942986,0.003125989167125166
0.6666666666666666,3517.543859649123,0.0030777781469483742
0.6666666666666666,3524.88920536344,0.0030283286655749457
0.6666666666666666,3526.315789473684,0.003017595456839502
0.6666666666666666,3535.0877192982452,0.002952429021152518
0.6666666666666666,3537.64200481068,0.002933719221802959
0.6666666666666666,3543.8596491228072,0.0028886698862124016
0.6666666666666666,3550.6824095377065,0.002842065516274511
0.6666666666666666,3552.631578947369,0.0028313354330163115
0.6666666666666666,3561.40350877193,0.002789358080960241
0.6666666666666666,3569.049838913279,0.0027532752073774354
0.6666666666666666,3570.1754385964914,0.0027480030847243553
0.6666666666666666,3578.947368421053,0.0027072612172672197
0.6666666666666666,3587.689474859894,0.0026672588383874055
0.6666666666666666,3587.719298245614,0.0026671120493152664
0.6666666666666666,3596.4912280701756,0.002624661179495989
0.6666666666666666,3600.444821276522,0.0026672588383874055
0.6666666666666666,3605.263157894737,0.0027164265507085466
0.6666666666666666,3607.0709102385663,0.0027532752073774354
0.6666666666666666,3611.329343410813,0.002842065516274511
0.6666666666666666,3614.0350877192977,0.0028999634499223314
0.6666666666666666,3615.58777658306,0.002933719221802959
0.6666666666666666,3619.8462097553065,0.0030283286655749457
0.6666666666666666,3620.7676813292614,0.003125989167125166
0.6666666666666666,3622.8070175438597,0.0031731255299572167
0.6666666666666666,3625.0926170791176,0.0032267991199458083
0.6666666666666666,3629.4175528289743,0.0033308600906185202
0.6666666666666666,3631.5789473684213,0.003384115683150465
0.6666666666666666,3633.748424544633,0.003438276921143307
0.6666666666666666,3636.0172543499634,0.0034926159329855453
0.6666666666666666,,
0.6666666666666666,2806.523454476389,0.02387643093241705
0.6666666666666666,2805.1124747939634,0.02383378308562956
0.6666666666666666,2798.245614035088,0.023427641163685668
0.6666666666666666,2796.939708568175,0.02383378308562956
0.6666666666666666,2792.1236298568892,0.02460239820869775
0.6666666666666666,,
0.6666666666666666,2584.148399904947,0.040881688243912896
0.6666666666666666,2578.9473684210525,0.04061789038841974
0.6666666666666666,2570.1754385964914,0.040324367778561625
0.6666666666666666,2561.40350877193,0.039889189572545475
0.6666666666666666,2556.6370967908906,0.039604484144772606
0.6666666666666666,2561.40350877193,0.038445697961604956
0.6666666666666666,2561.731646030849,0.03836718178112645
0.6666666666666666,2562.7740747624753,0.03716853456404114
0.6666666666666666,2570.1754385964914,0.03667622182507536
0.6666666666666666,2578.9473684210525,0.03644188903072535
0.6666666666666666,2587.719298245614,0.036321163873647595
0.6666666666666666,2596.4912280701756,0.036247184933020676
0.6666666666666666,2598.8974368118793,0.03600733484985617
0.6666666666666666,2605.2631578947367,0.03534827090858683
0.6666666666666666,2608.550312967548,0.03488241272347604
0.6666666666666666,2609.7579603269187,0.03379263481967431
0.6666666666666666,2610.3181586466117,0.03273690318122209
0.6666666666666666,2610.878356966304,0.03171415415268999
0.6666666666666666,2611.4385552859967,0.030723357308809308
0.6666666666666666,2612.287606302365,0.029763514416313162
0.6666666666666666,2613.242612544651,0.02883365842821083
0.6666666666666666,2613.533269420718,0.02793285250948253
0.6666666666666666,2613.8239262967854,0.02706018909321316
0.6666666666666666,2614.0350877192986,0.026443348818168164
0.6666666666666666,2614.1145831728527,0.026214788966213532
0.6666666666666666,2614.644013403478,0.025395800383208284
0.6666666666666666,2616.699700587223,0.02460239820869775
0.6666666666666666,2616.8891326437133,0.02383378308562956
0.6666666666666666,2617.0785647002035,0.023089180630041926
0.6666666666666666,2617.267996756694,0.022367840650867485
0.6666666666666666,2617.7051073251832,0.02166903639411181
0.6666666666666666,2620.727796165421,0.020992063810644696
0.6666666666666666,2622.8070175438597,0.02053523066018551
0.6666666666666666,2623.7272008519535,0.020336240846866725
0.6666666666666666,2625.0252315166153,0.01970090675753665
0.6666666666666666,2625.1878633492124,0.01908542144006686
0.6666666666666666,2625.350495181809,0.01848916478961645
0.6666666666666666,2625.5131270144057,0.017911536074332303
0.6666666666666666,2627.0333414650718,0.017351953330108378
0.6666666666666666,2629.865517940242,0.016809852774253637
0.6666666666666666,2630.656131884575,0.016284688237477973
0.6666666666666666,2630.7792789474224,0.015775930613623614
0.6666666666666666,2630.9024260102688,0.015283067326587695
0.6666666666666666,2631.0511269520266,0.0148056018138991
0.6666666666666666,2631.578947368421,0.01472185693213707
0.6666666666666666,2634.0045679894724,0.014343053026429043
0.6666666666666666,2636.616110077951,0.013894954943731374
0.6666666666666666,2637.1050427076357,0.013460856104524408
0.6666666666666666,2637.2007219626216,0.013040319151841302
0.6666666666666666,2637.296401217608,0.012632920392390395
0.6666666666666666,2638.9083832061146,0.012238249369681924
0.6666666666666666,2640.350877192983,0.012049504805274964
0.6666666666666666,2641.8541181101714,0.011855908450490893
0.6666666666666666,2644.2872999541423,0.01148551242423938
0.6666666666666666,2644.605054112975,0.011126688114894732
0.6666666666666666,2644.680752504609,0.010779074004992725
0.6666666666666666,2644.917587338333,0.0104423198714067
0.6666666666666666,2647.8572266636893,0.010116086432495808
0.6666666666666666,2649.122807017544,0.009978792985307542
0.6666666666666666,2650.7968659890457,0.009800045006276945
0.6666666666666666,2653.167370405659,0.00949387717927582
0.6666666666666666,2653.409641915436,0.009197274485723637
0.6666666666666666,2653.4703067801465,0.008909938096776107
0.6666666666666666,2653.5197540040267,0.008631578519441796
0.6666666666666666,2653.5610606607693,0.008361915304916317
0.6666666666666666,2654.046822227793,0.008100676766028598
0.6666666666666666,2657.2224563631994,0.007847599703514606
0.6666666666666666,2657.8947368421054,0.0077997300825429945
0.6666666666666666,2660.7098813901925,0.007602429140842625
0.6666666666666666,2664.139843863075,0.007364918067322966
0.6666666666666666,2666.666666666667,0.007166125505400767
0.6666666666666666,2667.0708710906342,0.007134827189243392
0.6666666666666666,2670.0018983181926,0.006911924688779366
0.6666666666666666,2672.9329255457515,0.006695985990436289
0.6666666666666666,2675.438596491228,0.006516741626456865
0.6666666666666666,2675.8639527733108,0.006486793534788508
0.6666666666666666,2676.0808753084993,0.006284136559286965
0.6666666666666666,2677.931008229918,0.0060878108859147625
0.6666666666666666,2680.858982965337,0.005897618715476725
0.6666666666666666,2683.7869577007564,0.00571336842831558
0.6666666666666666,2684.2105263157896,0.005687195187920842
0.6666666666666666,2686.7149324361753,0.005534874391254136
0.6666666666666666,2689.626097410196,0.005361956770568816
0.6666666666666666,2691.0845150748787,0.005194441350806199
0.6666666666666666,2692.982456140351,0.005088572695923071
0.6666666666666666,2694.607723126588,0.005032159359259993
0.6666666666666666,2699.235003791972,0.004874947295931591
0.6666666666666666,2701.754385964912,0.004791426147371158
0.6666666666666666,2703.6531053825206,0.004874947295931591
0.6666666666666666,2707.1404316581666,0.005032159359259993
0.6666666666666666,2709.3580746751877,0.005194441350806199
0.6666666666666666,2710.397472135381,0.005361956770568816
0.6666666666666666,2710.5263157894733,0.005369421889789382
0.6666666666666666,2713.336862196763,0.005534874391254136
0.6666666666666666,2716.2762522581443,0.00571336842831558
0.6666666666666666,2719.215642319526,0.005897618715476719
0.6666666666666666,2719.2982456140353,0.005902881505259056
0.6666666666666666,2722.155032380908,0.0060878108859147555
0.6666666666666666,2724.0253506564154,0.006284136559286965
0.6666666666666666,2724.536267630203,0.006486793534788508
0.6666666666666666,2727.1993086898547,0.006695985990436289
0.6666666666666666,2728.0701754385964,0.0067591216589973505
0.6666666666666666,2730.144655239054,0.006911924688779366
0.6666666666666666,2733.090001788253,0.007134827189243392
0.6666666666666666,2736.0353483374524,0.007364918067322966
0.6666666666666666,2736.423704059573,0.007602429140842625
0.6666666666666666,2736.557597222853,0.007847599703514606
0.6666666666666666,2736.842105263158,0.00787376179068067
0.6666666666666666,2739.1747314872755,0.008100676766028598
0.6666666666666666,2742.127698774626,0.008361915304916317
0.6666666666666666,2745.0806660619764,0.008631578519441796
0.6666666666666666,2745.6140350877195,0.008714930558126718
0.6666666666666666,2746.842219621199,0.008909938096776107
0.6666666666666666,2746.962798487193,0.009197274485723637
0.6666666666666666,2747.083377353187,0.00949387717927582
0.6666666666666666,2749.595451511811,0.009800045006276945
0.6666666666666666,2752.5585298309775,0.010116086432495808
0.6666666666666666,2754.3859649122805,0.010316060857592048
0.6666666666666666,2755.5216081501444,0.0104423198714067
0.6666666666666666,2755.83686807701,0.010779074004992725
0.6666666666666666,2755.995056354697,0.011126688114894737
0.6666666666666666,2756.1532446323854,0.01148551242423938
0.6666666666666666,2758.757588939641,0.011855908450490893
0.6666666666666666,2761.7343136016843,0.012238249369681924
0.6666666666666666,2763.157894736842,0.012571137933311747
0.6666666666666666,2763.417944565099,0.012632920392390402
0.6666666666666666,2763.633221620549,0.013040319151841302
0.6666666666666666,2763.8484986759995,0.013460856104524415
0.6666666666666666,2764.0893135775873,0.013894954943731374
0.6666666666666666,2766.9442451191667,0.014343053026429043
0.6666666666666666,2769.940147634423,0.0148056018138991
0.6666666666666666,2770.2770094250727,0.015283067326587688
0.6666666666666666,2770.58926945728,0.015775930613623614
0.6666666666666666,2770.9015294894866,0.016284688237477973
0.6666666666666666,2771.4664475733334,0.016809852774253637
0.6666666666666666,2771.9298245614036,0.016891759564297695
0.6666666666666666,2774.4922451219863,0.017351953330108378
0.6666666666666666,2776.2268351162384,0.017911536074332303
0.6666666666666666,2776.746245886819,0.01848916478961645
0.6666666666666666,2777.2656566573996,0.01908542144006686
0.6666666666666666,2777.78506742798,0.01970090675753665
0.6666666666666666,2778.900797562597,0.020336240846866725
0.6666666666666666,2780.7017543859647,0.020703143278287112
0.6666666666666666,2782.097590220908,0.020992063810644696
0.6666666666666666,2788.230238961291,0.02166903639411181
0.6666666666666666,2789.4736842105267,0.0218089377310527
0.6666666666666666,2794.362887701674,0.022367840650867485
0.6666666666666666,2798.245614035088,0.02291558238260079
0.6666666666666666,2804.118921323361,0.022367840650867485
0.6666666666666666,2807.0175438596493,0.022147103520626356
0.6666666666666666,2810.934881981875,0.02166903639411181
0.6666666666666666,2815.789473684211,0.021090881710223424
0.6666666666666666,2816.632515943332,0.020992063810644696
0.6666666666666666,2819.9962756819323,0.020336240846866725
0.6666666666666666,2820.4750049356353,0.01970090675753665
0.6666666666666666,2820.9537341893374,0.01908542144006686
0.6666666666666666,2821.43246344304,0.01848916478961645
0.6666666666666666,2822.2478870042833,0.017911536074332303
0.6666666666666666,2824.561403508772,0.017498308902736855
0.6666666666666666,2825.4142698888345,0.017351953330108378
0.6666666666666666,2828.214424859053,0.016809852774253637
0.6666666666666666,2828.9868836789,0.016284688237477973
0.6666666666666666,2829.2979462561543,0.015775930613623614
0.6666666666666666,2829.6090088334086,0.01528306732658768
0.6666666666666666,2829.9188907271787,0.0148056018138991
0.6666666666666666,2830.100294166952,0.014343053026429043
0.6666666666666666,2830.2816976067265,0.013894954943731374
0.6666666666666666,2830.4631010465005,0.013460856104524415
0.6666666666666666,2831.4318626189424,0.013040319151841302
0.6666666666666666,2833.3333333333335,0.012809762897347723
0.6666666666666666,2834.884429306361,0.012632920392390395
0.6666666666666666,2836.6147169878222,0.012238249369681924
0.6666666666666666,2836.747773928202,0.011855908450490893
0.6666666666666666,2836.880830868582,0.01148551242423938
0.6666666666666666,2837.501696326686,0.011126688114894732
0.6666666666666666,2840.816042493494,0.010779074004992725
0.6666666666666666,2842.105263157895,0.010653579625465183
0.6666666666666666,2844.3102606424277,0.0104423198714067
0.6666666666666666,2847.2731215129406,0.010116086432495808
0.6666666666666666,2850.235982383454,0.009800045006276945
0.6666666666666666,2850.877192982456,0.009709424713743718
0.6666666666666666,2852.576288869446,0.00949387717927582
0.6666666666666666,2852.834714092558,0.009197274485723637
0.6666666666666666,2852.954832608028,0.008909938096776107
0.6666666666666666,2854.717684073051,0.008631578519441796
0.6666666666666666,2857.6705458124557,0.008361915304916317
0.6666666666666666,2859.6491228070176,0.008185956458133452
0.6666666666666666,2860.62340755186,0.008100676766028598
0.6666666666666666,2863.022913212932,0.007847599703514606
0.6666666666666666,2863.3363643435773,0.007602429140842625
0.6666666666666666,2863.4269220920805,0.007364918067322966
0.6666666666666666,2863.489592514123,0.007134827189243392
0.6666666666666666,2864.098843081022,0.006911924688779366
0.6666666666666666,2867.416350071156,0.006695985990436289
0.6666666666666666,2868.421052631579,0.0066352075725516655
0.6666666666666666,2870.9136238380056,0.006486793534788508
0.6666666666666666,2874.4108976048556,0.006284136559286965
0.6666666666666666,2875.7482859142087,0.0060878108859147625
0.6666666666666666,2876.8465467111287,0.005897618715476719
0.6666666666666666,2877.1929824561407,0.005878331551698709
0.6666666666666666,2880.3242990216613,0.00571336842831558
0.6666666666666666,2883.8159707174937,0.005534874391254136
0.6666666666666666,2885.964912280702,0.005427803959901252
0.6666666666666666,2887.307642413326,0.005361956770568816
0.6666666666666666,2890.280443628315,0.005194441350806199
0.6666666666666666,2892.454305415921,0.005032159359259993
0.6666666666666666,2894.7368421052633,0.0049286941376893625
0.6666666666666666,2900.7051555274566,0.004874947295931591
0.6666666666666666,2903.5087719298244,0.004849902425390051
0.6666666666666666,2904.077299192469,0.004874947295931586
0.6666666666666666,2907.5807008388283,0.005032159359259993
0.6666666666666666,2909.770966510339,0.005194441350806199
0.6666666666666666,2912.2807017543855,0.005334429265736951
0.6666666666666666,2912.7664613074567,0.005361956770568816
0.6666666666666666,2916.278518960952,0.005534874391254136
0.6666666666666666,2919.790576614448,0.00571336842831558
0.6666666666666666,2921.0526315789475,0.005778906463519607
0.6666666666666666,2923.2968655542804,0.005897618715476719
0.6666666666666666,2924.403885797211,0.0060878108859147625
0.6666666666666666,2924.521160623189,0.006284136559286972
0.6666666666666666,2925.07441057824,0.006486793534788508
0.6666666666666666,2927.7092691231996,0.006695985990436289
0.6666666666666666,2929.8245614035086,0.006848864583315727
0.6666666666666666,2930.6833650337185,0.006911924688779366
0.6666666666666666,2933.657460944237,0.007134827189243392
0.6666666666666666,2936.631556854755,0.007364918067322966
0.6666666666666666,2937.119750276353,0.007602429140842625
0.6666666666666666,2937.4380583790544,0.007847599703514606
0.6666666666666666,2938.5964912280706,0.00796122016717492
0.6666666666666666,2939.898187620299,0.008100676766028598
0.6666666666666666,2942.890163928323,0.008361915304916317
0.6666666666666666,2945.882140236348,0.008631578519441796
0.6666666666666666,2947.3684210526317,0.008758557272397164
0.6666666666666666,2949.1124228462795,0.008909938096776107
0.6666666666666666,2952.67234278082,0.009197274485723637
0.6666666666666666,2956.140350877193,0.00949117043895709
0.6666666666666666,2956.167012071328,0.00949387717927582
0.6666666666666666,2956.410387972392,0.009800045006276945
0.6666666666666666,2956.6537638734562,0.010116086432495813
0.6666666666666666,2956.897139774521,0.0104423198714067
0.6666666666666666,2960.3016037790976,0.010779074004992725
0.6666666666666666,2963.831934291201,0.011126688114894732
0.6666666666666666,2964.369270356423,0.01148551242423938
0.6666666666666666,2964.755535051666,0.011855908450490893
0.6666666666666666,2964.9122807017548,0.012009600237691724
0.6666666666666666,2965.141799746908,0.012238249369681924
0.6666666666666666,2967.9138293290034,0.012632920392390395
0.6666666666666666,2973.393649768997,0.013040319151841302
0.6666666666666666,2973.684210526316,0.01306228408253159
0.6666666666666666,2978.8734702089914,0.013460856104524415
0.6666666666666666,2982.4561403508774,0.013768726162081914
0.6666666666666666,2983.980382518395,0.013894954943731374
0.6666666666666666,2985.728370904466,0.014343053026429043
0.6666666666666666,2982.4561403508774,0.014471201268447092
0.6666666666666666,2974.930297150731,0.0148056018138991
0.6666666666666666,2978.8967696289546,0.015283067326587688
0.6666666666666666,2982.4561403508774,0.0157338014544832
0.6666666666666666,2982.683054960076,0.015762983006855816
0.6666666666666666,,
0.6666666666666666,1608.6657864827337,0.5627196877213153
0.6666666666666666,1608.6657864827337,0.5518926834697374
0.6666666666666666,1608.6657864827337,0.5346507439146106
0.6666666666666666,1608.6657864827337,0.5179474679231213
0.6666666666666666,1608.6657864827337,0.5017660268528826
0.6666666666666666,1608.6657864827337,0.48609011781306305
0.6666666666666666,1608.6657864827337,0.4709039472391296
0.6666666666666666,1608.6657864827337,0.45619221498074586
0.6666666666666666,1608.6657864827337,0.4419400988867866
0.6666666666666666,1608.6657864827334,0.4281332398719396
0.6666666666666666,1608.6657864827337,0.414757727449845
0.6666666666666666,1608.6657864827337,0.40180008571820913
0.6666666666666666,1614.0350877192982,0.3929873153167628
0.6666666666666666,1619.1516948292337,0.3892472597817551
0.6666666666666666,1619.1516948292337,0.3770866025993452
0.6666666666666666,1619.1516948292337,0.36530586224201705
0.6666666666666666,1619.7120962221964,0.35389316954909844
0.6666666666666666,1622.8070175438597,0.34925647639561186
0.6666666666666666,1628.683470304075,0.34283702616996264
0.6666666666666666,1628.683470304075,0.33212629297937474
0.6666666666666666,1628.683470304075,0.3217501788547658
0.6666666666666666,1631.578947368421,0.314089221857679
0.6666666666666666,1632.9015947910407,0.3116982298041143
0.6666666666666666,1640.3508771929824,0.3045943575402919
0.6666666666666666,1643.1354593007532,0.30196031843349325
0.6666666666666666,1649.122807017544,0.29451702043785044
0.6666666666666666,1650.7495135280442,0.29252663374366417
0.6666666666666666,1655.1863588150827,0.28338767124544284
0.6666666666666666,1655.1863588150827,0.27453422338387146
0.6666666666666666,1657.8947368421052,0.26917788086901434
0.6666666666666666,1659.6345896431346,0.26595737026155974
0.6666666666666666,1666.6666666666667,0.2581351380689575
0.6666666666666666,1667.1111888912828,0.25764847065183744
0.6666666666666666,1673.965976908044,0.24959915329267113
0.6666666666666666,1674.211746362102,0.2418013084525718
0.6666666666666666,1675.438596491228,0.24047270362455384
0.6666666666666666,1681.5876840268256,0.2342470797599959
0.6666666666666666,1684.2105263157896,0.23164087281117746
0.6666666666666666,1689.0284169389092,0.2269288562880081
0.6666666666666666,1692.982456140351,0.22313340827447384
0.6666666666666666,1698.125198287242,0.2198392648862289
0.6666666666666666,1701.7543859649122,0.21676892651721116
0.6666666666666666,1706.0439014105173,0.2198392648862289
0.6666666666666666,1710.5263157894738,0.22237324450017618
0.6666666666666666,1717.983752034615,0.2269288562880081
0.6666666666666666,1719.298245614035,0.22770648089570275
0.6666666666666666,1728.0701754385964,0.2329644234018399
0.6666666666666666,1730.1800134949378,0.2342470797599959
0.6666666666666666,1736.842105263158,0.23834377641543872
0.6666666666666666,1742.3762749552618,0.2418013084525718
0.6666666666666666,1745.6140350877192,0.2446699636773506
0.6666666666666666,1750.9774661666102,0.24959915329267113
0.6666666666666666,1754.3859649122808,0.252147944092061
0.6666666666666666,1760.3519920329081,0.25764847065183744
0.6666666666666666,1763.157894736842,0.259326379824179
0.6666666666666666,1771.9298245614036,0.26452876613395876
0.6666666666666666,1774.071784358812,0.26595737026155974
0.6666666666666666,1780.7017543859647,0.2708812769229619
0.6666666666666666,1785.4249332604288,0.27453422338387146
0.6666666666666666,1789.4736842105262,0.2777524680251499
0.6666666666666666,1796.4514199466312,0.28338767124544284
0.6666666666666666,1798.2456140350878,0.28474786067464675
0.6666666666666666,1798.4782401947325,0.28338767124544284
0.6666666666666666,1799.9078788657598,0.27453422338387146
0.6666666666666666,1801.3375175367871,0.26595737026155974
0.6666666666666666,1802.3441553106895,0.25764847065183744
0.6666666666666666,1803.2086979765386,0.24959915329267113
0.6666666666666666,1804.0732406423876,0.2418013084525718
0.6666666666666666,1805.6859760366597,0.2342470797599958
0.6666666666666666,1806.3522714337196,0.2269288562880081
0.6666666666666666,1807.017543859649,0.21984997805364745
0.6666666666666666,1807.018347077274,0.2198392648862289
0.6666666666666666,1808.0246314503686,0.21297116275234781
0.6666666666666666,1808.4271979392847,0.20631763023570882
0.6666666666666666,1808.829764428201,0.19987196386572487
0.6666666666666666,1809.9059667496294,0.19362766959809433
0.6666666666666666,1810.2265287517869,0.1875784562720161
0.6666666666666666,1810.5470907539443,0.18171822927180903
0.6666666666666666,1811.7095316153432,0.17604108438655525
0.6666666666666666,1811.9708616094576,0.17054130186157385
0.6666666666666666,1812.2321916035721,0.16521334063573684
0.6666666666666666,1813.494217197782,0.1600518327588198
0.6666666666666666,1813.7108227751985,0.15505157798326222
0.6666666666666666,1813.927428352615,0.15020753852489013
0.6666666666666666,1815.7894736842104,0.1464920647279235
0.6666666666666666,1816.330022326964,0.14551483398731938
0.6666666666666666,1816.779482173213,0.1409687364449314
0.6666666666666666,1816.9764252783098,0.13656466567946096
0.6666666666666666,1818.1856619860037,0.13229818456540127
0.6666666666666666,1818.7738110869177,0.1281649945995757
0.6666666666666666,1818.9407182347995,0.12416093157037254
0.6666666666666666,1820.1708230554455,0.12028196136227776
0.6666666666666666,1820.8558972215214,0.11652417589148303
0.6666666666666666,1820.9985115052427,0.11288378916846883
0.6666666666666666,1822.3252732851115,0.10935713348359936
0.6666666666666666,1823.0525445252904,0.10594065571188499
0.6666666666666666,1823.1750061322623,0.10263091373318949
0.6666666666666666,1824.561403508772,0.09962533896809701
0.6666666666666666,1824.6613725707746,0.09942457296427408
0.6666666666666666,1825.3821289450332,0.09631840299918837
0.6666666666666666,1825.4879546698653,0.09330927435461664
0.6666666666666666,1827.2281790998518,0.09039415531690745
0.6666666666666666,1830.135506527536,0.08757010888760508
0.6666666666666666,1830.3432395452323,0.08483428982440717
0.6666666666666666,1830.4428434408596,0.08218394177456798
0.6666666666666666,1833.137397711769,0.07961639449785758
0.6666666666666666,1833.2241113727778,0.07712906117627992
0.6666666666666666,1833.3108250337864,0.07471943580783995
0.6666666666666666,1833.3333333333335,0.07469969508790746
0.6666666666666666,1836.155436782966,0.07238509068173248
0.6666666666666666,1836.3198337741173,0.07012367393241041
0.6666666666666666,1836.5738375850178,0.06793290717006695
0.6666666666666666,1839.5882569070716,0.06581058318514578
0.6666666666666666,1839.6545558441228,0.06375456372456506
0.6666666666666666,1840.3346904371053,0.061762777337415566
0.6666666666666666,1842.1052631578948,0.06054744996377839
0.6666666666666666,1843.1948892786093,0.05983321728796282
0.6666666666666666,1843.2530652770292,0.05796393953384967
0.6666666666666666,1844.4936162370523,0.05615306076746272
0.6666666666666666,1847.090767905329,0.05439875651848994
0.6666666666666666,1847.1419189275066,0.052699259315756565
0.6666666666666666,1849.0981084167838,0.05105285690648807
0.6666666666666666,1850.877192982456,0.05015921425685493
0.6666666666666666,1852.2957449229618,0.049457890531206396
0.6666666666666666,1855.231169831521,0.04791275325252046
0.6666666666666666,1858.1665947400802,0.046415888336127746
0.6666666666666666,1859.6491228070176,0.04561771235336853
0.6666666666666666,1860.9114174669262,0.044965787682396396
0.6666666666666666,1861.1606193187135,0.04356099030694608
0.6666666666666666,1861.2102106675638,0.04220008086869836
0.6666666666666666,1863.7594725068293,0.040881688243912896
0.6666666666666666,1866.6910865659997,0.039604484144772606
0.6666666666666666,1868.4210526315792,0.038869598394587666
0.6666666666666666,1869.6227006251702,0.03836718178112645
0.6666666666666666,1872.3625944996213,0.03716853456404114
0.6666666666666666,1872.9608342355784,0.03600733484985617
0.6666666666666666,1874.1297472525998,0.03488241272347604
0.6666666666666666,1877.058314433237,0.033792634819674296
0.6666666666666666,1877.1929824561403,0.03374334923248771
0.6666666666666666,1879.9868816138742,0.03273690318122209
0.6666666666666666,1882.9154487945111,0.03171415415268999
0.6666666666666666,1885.837105901747,0.030723357308809308
0.6666666666666666,1885.9649122807018,0.030599139468998296
0.6666666666666666,1886.94716609282,0.029763514416313162
0.6666666666666666,1889.6263744972234,0.02883365842821083
0.6666666666666666,1892.5523568976623,0.02793285250948253
0.6666666666666666,1894.7368421052631,0.02727872454422062
0.6666666666666666,1895.3468515664222,0.02706018909321316
0.6666666666666666,1897.7539772638534,0.026214788966213532
0.6666666666666666,1900.161102961284,0.025395800383208284
0.6666666666666666,1903.0329819060628,0.02460239820869775
0.6666666666666666,1903.5087719298244,0.02444848109579758
0.6666666666666666,1905.0342058246827,0.02383378308562956
0.6666666666666666,1906.9355959474099,0.023089180630041926
0.6666666666666666,1908.8369860701373,0.022367840650867485
0.6666666666666666,1910.738376192865,0.02166903639411181
0.6666666666666666,1912.280701754386,0.02138786631527208
0.6666666666666666,1914.9052954440626,0.020992063810644696
0.6666666666666666,1919.6177521518653,0.020336240846866725
0.6666666666666666,1921.0526315789475,0.019998597291000515
0.6666666666666666,1922.4352162399691,0.01970090675753665
0.6666666666666666,1924.6975315696109,0.01908542144006686
0.6666666666666666,1926.9598468992526,0.01848916478961644
0.6666666666666666,1929.2221622288946,0.017911536074332303
0.6666666666666666,1929.8245614035088,0.017814008583875118
0.6666666666666666,1932.7240965519977,0.017351953330108378
0.6666666666666666,1937.5388405217846,0.016809852774253637
0.6666666666666666,1938.5964912280704,0.0166593138920669
0.6666666666666666,1941.6472303280225,0.016284688237477973
0.6666666666666666,1944.0406515566756,0.015775930613623607
0.6666666666666666,1946.302986932528,0.015283067326587688
0.6666666666666666,1947.3684210526317,0.0150583797660294
0.6666666666666666,1948.586245662239,0.0148056018138991
0.6666666666666666,1953.4011893308648,0.014343053026429043
0.6666666666666666,1956.1403508771932,0.01408639283271142
0.6666666666666666,1958.2161329994897,0.013894954943731374
0.6666666666666666,1963.0310766681155,0.013460856104524422
0.6666666666666666,1964.9122807017543,0.013232693640478873
0.6666666666666666,1966.809813158899,0.013040319151841302
0.6666666666666666,1969.0919058368058,0.012632920392390395
0.6666666666666666,1971.1620174101918,0.012238249369681924
0.6666666666666666,1973.3188678188212,0.011855908450490893
0.6666666666666666,1973.684210526316,0.011828254414950766
0.6666666666666666,1978.99145024924,0.01148551242423938
0.6666666666666666,1982.4561403508771,0.011267138631101566
0.6666666666666666,1984.7201760395824,0.011126688114894732
0.6666666666666666,1990.4489018299255,0.01077907400499272
0.6666666666666666,1991.228070175439,0.01073087286241173
0.6666666666666666,1996.0552744975207,0.0104423198714067
0.6666666666666666,2000.0,0.010179108285905738
0.6666666666666666,2002.990121122448,0.010116086432495808
0.6666666666666666,2008.7719298245618,0.009995329599916369
0.6666666666666666,2017.5438596491229,0.009814868945769823
0.6666666666666666,2018.2715837283133,0.009800045006276945
0.6666666666666666,2026.3157894736842,0.009637666418068168
0.6666666666666666,2033.5530463341775,0.00949387717927582
0.6666666666666666,2035.0877192982457,0.009463663192975367
0.6666666666666666,2043.859649122807,0.009292801508690218
0.6666666666666666,2048.834508940042,0.009197274485723637
0.6666666666666666,2052.6315789473683,0.009125024646271757
0.6666666666666666,2061.40350877193,0.008960276910811036
0.6666666666666666,2064.115971545906,0.008909938096776107
0.6666666666666666,2070.1754385964914,0.008787232747392463
0.6666666666666666,2077.9849432830815,0.008631578519441796
0.6666666666666666,2078.9473684210525,0.00861288014983465
0.6666666666666666,2087.719298245614,0.00846106766928446
0.6666666666666666,2094.5621874705084,0.008361915304916317
0.6666666666666666,2096.4912280701756,0.0083346514748792
0.6666666666666666,2097.171557070103,0.008361915304916317
0.6666666666666666,2103.783580711063,0.008631578519441796
0.6666666666666666,2105.2631578947367,0.008709182260395064
0.6666666666666666,2106.9289719673184,0.008909938096776107
0.6666666666666666,2110.4077435619924,0.009197274485723637
0.6666666666666666,2113.8865151566665,0.00949387717927582
0.6666666666666666,2114.035087719298,0.009506755409346628
0.6666666666666666,2117.365286751341,0.009800045006276945
0.6666666666666666,2120.362971684538,0.010116086432495808
0.6666666666666666,2120.6183819427847,0.0104423198714067
0.6666666666666666,2120.790444223941,0.010779074004992725
0.6666666666666666,2122.8070175438597,0.011086775636771842
0.6666666666666666,2123.038552755847,0.011126688114894732
0.6666666666666666,2125.9669582491715,0.01148551242423938
0.6666666666666666,2128.8953637424956,0.011855908450490893
0.6666666666666666,2131.578947368421,0.01220581782051861
0.6666666666666666,2131.8237692358202,0.012238249369681924
0.6666666666666666,2133.401795828131,0.012632920392390402
0.6666666666666666,2133.4421309886075,0.013040319151841302
0.6666666666666666,2135.318736354112,0.013460856104524415
0.6666666666666666,2138.2501931256593,0.013894954943731374
0.6666666666666666,2140.3508771929824,0.014214614882110049
0.6666666666666666,2141.181649897206,0.014343053026429043
0.6666666666666666,2144.1131066687535,0.0148056018138991
0.6666666666666666,2144.1880767626712,0.015283067326587688
0.6666666666666666,2144.237120574037,0.015775930613623614
0.6666666666666666,2145.923900901149,0.016284688237477973
0.6666666666666666,2148.8591116138355,0.016809852774253637
0.6666666666666666,2149.122807017544,0.016857853964279558
0.6666666666666666,2151.7943223265215,0.017351953330108378
0.6666666666666666,2153.2481162130794,0.017911536074332303
0.6666666666666666,2153.3080294572555,0.01848916478961645
0.6666666666666666,2153.3679427014313,0.01908542144006686
0.6666666666666666,2155.1303581393195,0.01970090675753665
0.6666666666666666,2157.8947368421054,0.020297766522703778
0.6666666666666666,2158.07013299298,0.020336240846866725
0.6666666666666666,2160.8983209651096,0.020992063810644696
0.6666666666666666,2160.971962015683,0.02166903639411181
0.6666666666666666,2161.045603066256,0.022367840650867485
0.6666666666666666,2161.119244116829,0.023089180630041926
0.6666666666666666,2163.17433453561,0.02383378308562956
0.6666666666666666,2166.1197874949657,0.02460239820869775
0.6666666666666666,2166.666666666667,0.02473376131419428
0.6666666666666666,2169.3793379463036,0.025395800383208284
0.6666666666666666,2172.400363346166,0.026214788966213532
0.6666666666666666,2172.7397971715936,0.02706018909321316
0.6666666666666666,2172.816676081937,0.02793285250948253
0.6666666666666666,2172.8935549922808,0.02883365842821083
0.6666666666666666,2172.9736394684646,0.029763514416313162
0.6666666666666666,2173.087867435747,0.030723357308809308
0.6666666666666666,2173.2020954030295,0.03171415415268999
0.6666666666666666,2173.3163233703117,0.03273690318122209
0.6666666666666666,2173.720246105091,0.03379263481967431
0.6666666666666666,2175.438596491228,0.03443988386574261
0.6666666666666666,2176.5778512858988,0.03488241272347604
0.6666666666666666,2177.82270311957,0.036007334849856146
0.6666666666666666,2177.9677028018896,0.03716853456404114
0.6666666666666666,2178.1127024842094,0.03836718178112645
0.6666666666666666,2178.2577021665293,0.039604484144772606
0.6666666666666666,2179.3054655441983,0.040881688243912896
0.6666666666666666,2182.3509893058126,0.04220008086869836
0.6666666666666666,2184.2105263157896,0.043154024708751376
0.6666666666666666,2184.870291269599,0.04356099030694608
0.6666666666666666,2185.0289267465696,0.04496578768239642
0.6666666666666666,2185.1875622235398,0.046415888336127795
0.6666666666666666,2185.3461977005104,0.04791275325252046
0.6666666666666666,2185.504833177481,0.049457890531206396
0.6666666666666666,2185.695421915369,0.05105285690648807
0.6666666666666666,2186.6329985467814,0.052699259315756565
0.6666666666666666,2187.4233730564124,0.05439875651848994
0.6666666666666666,2187.757469031876,0.05615306076746272
0.6666666666666666,2188.6212122499755,0.05796393953384967
0.6666666666666666,2188.8834955585144,0.05983321728796282
0.6666666666666666,2189.7149600478547,0.061762777337415566
0.6666666666666666,2190.0806530283253,0.06375456372456506
0.6666666666666666,2190.8278770842367,0.06581058318514578
0.6666666666666666,2191.613065891403,0.06793290717006695
0.6666666666666666,2191.973458281288,0.07012367393241041
0.6666666666666666,2192.7435528676688,0.07238509068173248
0.6666666666666666,2192.982456140351,0.07368277812253256
0.6666666666666666,2193.3002104493107,0.07471943580783995
0.6666666666666666,2194.6314551708997,0.07712906117627992
0.6666666666666666,2195.912347550423,0.07961639449785758
0.6666666666666666,2196.884371454122,0.08218394177456798
0.6666666666666666,2197.965605547254,0.08483428982440717
0.6666666666666666,2199.3315711668724,0.08757010888760508
0.6666666666666666,2200.7439868150846,0.09039415531690745
0.6666666666666666,2201.754385964912,0.09235200197540244
0.6666666666666666,2202.378781338694,0.09039415531690745
0.6666666666666666,2203.168515308952,0.08757010888760508
0.6666666666666666,2203.8485186365215,0.08483428982440717
0.6666666666666666,2204.422432795017,0.08218394177456798
0.6666666666666666,2205.171454733223,0.07961639449785758
0.6666666666666666,2205.786643783776,0.07712906117627992
0.6666666666666666,2206.540640535948,0.07471943580783995
0.6666666666666666,2206.9493262094493,0.07238509068173248
0.6666666666666666,2207.496035093713,0.07012367393241041
0.6666666666666666,2208.240754305396,0.06793290717006695
0.6666666666666666,2208.785655997869,0.06581058318514578
0.6666666666666666,2209.499213072392,0.06375456372456506
0.6666666666666666,2209.8520690450355,0.06176277733741554
0.6666666666666666,2210.37626316347,0.05983321728796282
0.6666666666666666,2210.5263157894738,0.05946807174191599
0.6666666666666666,2211.187797627329,0.05796393953384967
0.6666666666666666,2211.7273946038977,0.05615306076746272
0.6666666666666666,2212.0121582512606,0.05439875651848994
0.6666666666666666,2212.80461840255,0.052699259315756565
0.6666666666666666,2213.346937242547,0.05105285690648807
0.6666666666666666,2213.885142895053,0.049457890531206396
0.6666666666666666,2214.037102254537,0.04791275325252046
0.6666666666666666,2214.189061614021,0.046415888336127774
0.6666666666666666,2214.341020973505,0.044965787682396396
0.6666666666666666,2214.4929803329883,0.04356099030694608
0.6666666666666666,2216.890680589384,0.04220008086869836
0.6666666666666666,2219.2982456140353,0.041154632062401275
0.6666666666666666,2219.9368796981216,0.040881688243912896
0.6666666666666666,2220.835389563439,0.039604484144772606
0.6666666666666666,2220.9743410620727,0.03836718178112645
0.6666666666666666,2221.1132925607067,0.03716853456404114
0.6666666666666666,2221.2522440593407,0.03600733484985617
0.6666666666666666,2222.4925288893705,0.03488241272347604
0.6666666666666666,2225.132152392436,0.03379263481967431
0.6666666666666666,2225.573973651325,0.03273690318122209
0.6666666666666666,2225.6834511819543,0.03171415415268999
0.6666666666666666,2225.7929287125835,0.030723357308809308
0.6666666666666666,2225.9024062432127,0.029763514416313162
0.6666666666666666,2225.979161311929,0.02883365842821083
0.6666666666666666,2226.0528430364316,0.02793285250948253
0.6666666666666666,2226.126524760934,0.02706018909321316
0.6666666666666666,2226.2002064854364,0.026214788966213532
0.6666666666666666,2228.0701754385964,0.02568009807115575
0.6666666666666666,2229.269297927795,0.025395800383208284
0.6666666666666666,2232.527440222101,0.02460239820869775
0.6666666666666666,2235.4715535285745,0.02383378308562955
0.6666666666666666,2236.842105263158,0.02324224287916435
0.6666666666666666,2237.260254336447,0.023089180630041926
0.6666666666666666,2237.3406143614507,0.022367840650867485
0.6666666666666666,2237.4112046487376,0.02166903639411181
0.6666666666666666,2237.481794936024,0.020992063810644696
0.6666666666666666,2240.30924562921,0.020336240846866725
0.6666666666666666,2243.24796335536,0.01970090675753666
0.6666666666666666,2244.703296002808,0.01908542144006686
0.6666666666666666,2244.76073115888,0.01848916478961646
0.6666666666666666,2244.8181663149517,0.01791153607433231
0.6666666666666666,2245.6140350877195,0.017602697769821703
0.6666666666666666,2246.27055603831,0.017351953330108378
0.6666666666666666,2249.204890085782,0.016809852774253637
0.6666666666666666,2252.139224133254,0.016284688237477973
0.6666666666666666,2253.459771314817,0.01577593061362362
0.6666666666666666,2253.5067895277753,0.015283067326587688
0.6666666666666666,2253.579664558597,0.0148056018138991
0.6666666666666666,2254.3859649122805,0.014676876835048262
0.6666666666666666,2256.510360352182,0.014343053026429043
0.6666666666666666,2259.4410561457667,0.013894954943731374
0.6666666666666666,2262.363769759879,0.013460856104524415
0.6666666666666666,2263.157894736842,0.013211865215685792
0.6666666666666666,2263.8119906270917,0.013040319151841302
0.6666666666666666,2263.8506617402218,0.012632920392390395
0.6666666666666666,2265.427116487478,0.012238249369681924
0.6666666666666666,2268.354943927279,0.011855908450490893
0.6666666666666666,2271.282771367079,0.011485512424239374
0.6666666666666666,2271.9298245614036,0.011405228597158892
0.6666666666666666,2274.2105988068797,0.011126688114894732
0.6666666666666666,2276.0753623825103,0.010779074004992725
0.6666666666666666,2276.1067520029846,0.0104423198714067
0.6666666666666666,2276.1289952010316,0.010116086432495808
0.6666666666666666,2278.7415212336305,0.009800045006276945
0.6666666666666666,2280.7017543859647,0.009626308064376825
0.6666666666666666,2282.219850912308,0.00949387717927582
0.6666666666666666,2285.698180590986,0.009197274485723637
0.6666666666666666,2289.1765102696636,0.008909938096776107
0.6666666666666666,2289.4736842105262,0.008853416091217649
0.6666666666666666,2290.8828260364367,0.008631578519441796
0.6666666666666666,2294.3591595567495,0.008361915304916317
0.6666666666666666,2297.8354930770624,0.008100676766028598
0.6666666666666666,2298.245614035088,0.008070400350667636
0.6666666666666666,2298.936527836619,0.008100676766028598
0.6666666666666666,2304.7929630197305,0.008361915304916317
0.6666666666666666,2307.0175438596493,0.00846334071183851
0.6666666666666666,2308.9734841607115,0.008631578519441796
0.6666666666666666,2309.5837707993924,0.008909938096776107
0.6666666666666666,2312.170623401697,0.009197274485723637
0.6666666666666666,2315.1306272568327,0.00949387717927582
0.6666666666666666,2315.789473684211,0.00956118662378165
0.6666666666666666,2318.090631111968,0.009800045006276945
0.6666666666666666,2321.0506349671036,0.010116086432495808
0.6666666666666666,2324.010638822239,0.0104423198714067
0.6666666666666666,2324.306529444979,0.010779074004992725
0.6666666666666666,2324.561403508772,0.01082078232638053
0.6666666666666666,2326.1601123640903,0.011126688114894732
0.6666666666666666,2329.1300260210346,0.01148551242423938
0.6666666666666666,2332.0999396779785,0.011855908450490893
0.6666666666666666,2333.3333333333335,0.012013221107751899
0.6666666666666666,2335.0698533349223,0.012238249369681924
0.6666666666666666,2338.303081620092,0.012632920392390395
0.6666666666666666,2341.83678601036,0.013040319151841302
0.6666666666666666,2342.105263157895,0.013071803489551406
0.6666666666666666,2345.3704904006277,0.013460856104524415
0.6666666666666666,2346.99940158173,0.013894954943731374
0.6666666666666666,2347.132897667686,0.014343053026429043
0.6666666666666666,2347.2663937536413,0.0148056018138991
0.6666666666666666,2347.462106264359,0.015283067326587688
0.6666666666666666,2347.6584075043274,0.015775930613623614
0.6666666666666666,2348.9028832001095,0.016284688237477973
0.6666666666666666,2350.877192982456,0.016628627958109776
0.6666666666666666,2351.90110862782,0.016809852774253637
0.6666666666666666,2354.8993340555307,0.017351953330108378
0.6666666666666666,2356.481495336878,0.017911536074332303
0.6666666666666666,2356.727772833596,0.01848916478961645
0.6666666666666666,2356.9740503303137,0.01908542144006686
0.6666666666666666,2358.2923261955916,0.01970090675753665
0.6666666666666666,2359.6491228070176,0.019983994041763545
0.6666666666666666,2361.310802754629,0.020336240846866725
0.6666666666666666,2364.224230176149,0.020992063810644696
0.6666666666666666,2364.537670830472,0.02166903639411181
0.6666666666666666,2364.851111484795,0.022367840650867485
0.6666666666666666,2365.164552139118,0.023089180630041926
0.6666666666666666,2366.73617202447,0.02383378308562956
0.6666666666666666,2368.421052631579,0.024256084399243254
0.6666666666666666,2369.781012909758,0.02460239820869775
0.6666666666666666,2373.1508620779205,0.025395800383208284
0.6666666666666666,2375.913261712263,0.026214788966213532
0.6666666666666666,2376.326105114703,0.02706018909321316
0.6666666666666666,2376.6722972595594,0.02793285250948253
0.6666666666666666,2377.018489404416,0.02883365842821083
0.6666666666666666,2377.1929824561403,0.02908813789169442
0.6666666666666666,2377.648772408375,0.029763514416313162
0.6666666666666666,2380.896471378747,0.030723357308809308
0.6666666666666666,2381.613621474342,0.03171415415268999
0.6666666666666666,2382.079028417369,0.03273690318122209
0.6666666666666666,2382.5444353603957,0.03379263481967431
0.6666666666666666,2383.009842303423,0.03488241272347604
0.6666666666666666,2383.65766074051,0.03600733484985617
0.6666666666666666,2384.4223581760025,0.03716853456404114
0.6666666666666666,2385.1870556114955,0.03836718178112645
0.6666666666666666,2385.951753046988,0.039604484144772606
0.6666666666666666,2385.964912280702,0.03962612176129923
0.6666666666666666,2386.7164504824805,0.040881688243912896
0.6666666666666666,2389.6461551251627,0.04220008086869836
0.6666666666666666,2391.671571404433,0.04356099030694608
0.6666666666666666,2392.694523780969,0.044965787682396396
0.6666666666666666,2393.7174761575056,0.046415888336127774
0.6666666666666666,2394.7368421052633,0.047907421877389784
0.6666666666666666,2394.742900419435,0.04791275325252046
0.6666666666666666,2396.4709054246996,0.049457890531206396
0.6666666666666666,2399.212982040829,0.05105285690648807
0.6666666666666666,2402.2563198181065,0.052699259315756565
0.6666666666666666,2403.5087719298244,0.05330504082704622
0.6666666666666666,2407.700259821917,0.052699259315756565
0.6666666666666666,2412.2807017543864,0.0519402207675364
0.6666666666666666,2417.7861511109745,0.05105285690648807
0.6666666666666666,2421.0526315789475,0.05078166609689945
0.6666666666666666,2429.8245614035086,0.050211442847341706
0.6666666666666666,2438.59649122807,0.04979695075297186
0.6666666666666666,2447.3684210526317,0.049482068096289376
0.6666666666666666,2448.142056507804,0.049457890531206396
0.6666666666666666,2456.140350877193,0.04895728689063967
0.6666666666666666,2464.9122807017543,0.04841408631211628
0.6666666666666666,2473.095885879463,0.04791275325252043
0.6666666666666666,2473.684210526316,0.0478769127601552
0.6666666666666666,2482.4561403508774,0.047345699362498536
0.6666666666666666,2491.228070175439,0.04682037998886265
0.6666666666666666,2498.0497152511243,0.046415888336127774
0.6666666666666666,2500.0,0.04630088924270581
0.6666666666666666,2508.7719298245615,0.045703964250876354
0.6666666666666666,2517.543859649123,0.04511473499560182
0.6666666666666666,2519.779398402044,0.044965787682396396
0.6666666666666666,2526.315789473684,0.04453310226113165
0.6666666666666666,2535.0877192982457,0.043958968110834454
0.6666666666666666,2541.235732236345,0.04356099030694608
0.6666666666666666,2543.8596491228072,0.04339223587070747
0.6666666666666666,2552.6315789473683,0.04283281011309826
0.6666666666666666,2561.40350877193,0.042266902792045376
0.6666666666666666,2562.6920660706464,0.04220008086869836
0.6666666666666666,2570.1754385964914,0.04173550247037189
0.6666666666666666,2575.3505827023837,0.041417217044360605
0.6666666666666666,,
