,
,
# Contour value=0.67 ,
mPsiT_GeV,deltaM_GeV
1227,550
1226.2,547.29
1225.4,544.57
1224.6,541.86
1223.7,539.15
1222.6,537.57
1221.5,536.43
1218.6,533.72
1215.7,531.01
1212.7,528.29
1209.8,525.58
1209,524.87
1207.5,522.86
1205.4,520.15
1203.3,517.44
1201.3,514.72
1199.2,512.01
1197.1,509.3
1195.5,507.21
1195.2,506.58
1193.9,503.87
1192.5,501.16
1191.2,498.44
1189.9,495.73
1188.6,493.02
1187.2,490.3
1185.9,487.59
1184.6,484.87
1183.3,482.16
1181.9,479.45
1181.9,479.37
1180.6,476.73
1179.3,474.02
1178,471.31
1176.7,468.59
1175.3,465.88
1172.7,463.17
1168.9,460.45
1168.3,460.11
1163.8,457.74
1158.6,455.03
1154.8,453.03
1153.4,452.31
1148.7,449.6
1147.2,446.88
1145.8,444.17
1144.3,441.46
1142.8,438.74
1141.3,436.03
1141.2,435.88
1139.8,433.32
1138.3,430.6
1136.8,427.89
1135.3,425.18
1133.8,422.46
1132.3,419.75
1130.8,417.04
1129.3,414.32
1127.6,411.68
1127.6,411.61
1125.8,408.89
1124.1,406.18
1122.4,403.47
1120.6,400.75
1119.2,398.04
1117.9,395.33
1116.3,392.61
1114.1,391.32
1108.5,389.9
1100.5,387.89
1099.5,387.19
1095.5,384.47
1091.5,381.76
1087.6,379.05
1086.9,378.61
1083.7,376.33
1079.8,373.62
1075.9,370.9
1073.4,369.11
1072,368.19
1067.5,365.48
1062.2,362.76
1059.8,361.61
1056.5,360.05
1050.7,357.34
1046.2,355.21
1045,354.62
1039.2,351.91
1033.9,349.2
1032.7,348.43
1029.5,346.48
1025.2,343.77
1020.8,341.06
1019.1,339.97
1016.5,338.34
1012.1,335.63
1007.8,332.91
1005.5,331.52
1003.9,330.2
1000.5,327.49
997.14,324.77
993.76,322.06
991.96,320.61
990.6,319.35
987.67,316.63
984.75,313.92
981.83,311.21
978.39,308.69
978.07,308.49
973.47,305.78
968.86,303.07
964.82,300.69
964.26,300.35
959.89,297.64
955.55,294.92
951.26,292.24
951.21,292.21
946.88,289.5
942.54,286.78
938.21,284.07
937.69,283.74
933.87,281.36
929.54,278.64
925.2,275.93
924.12,275.25
920.87,273.22
916.53,270.5
912.2,267.79
910.55,266.76
908.03,265.08
903.97,262.36
899.91,259.65
896.98,257.69
896.06,256.93
892.74,254.22
889.42,251.51
886.95,248.79
885.52,246.08
884.1,243.37
883.42,242.07
882.67,240.65
881.25,237.94
879.83,235.23
878.4,232.51
876.98,229.8
875.55,227.09
874.13,224.37
872.71,221.66
871.28,218.94
869.86,216.23
869.85,216.22
863.41,213.52
856.28,211.38
854.37,210.8
845.34,208.09
842.71,207.3
836.31,205.38
829.15,203.22
827.28,202.66
818.31,199.95
815.58,198.74
812.2,197.24
806.1,194.52
802.01,192.71
800.82,191.81
797.24,189.1
793.66,186.38
790.07,183.67
788.44,182.43
786.62,180.95
783.28,178.24
779.93,175.53
776.59,172.81
774.87,171.42
773.24,170.1
769.3,167.39
763.69,164.67
761.31,163.77
755.6,161.96
747.74,159.46
747.07,159.25
738.54,156.53
734.17,155.14
730.01,153.82
721.48,151.11
720.6,150.68
715.93,148.39
712.44,145.68
708.95,142.96
707.04,141.48
706.04,140.25
703.84,137.54
701.63,134.82
699.43,132.11
697.23,129.4
695.02,126.68
693.47,124.77
693,123.97
691.43,121.26
689.85,118.54
688.28,115.83
686.7,113.12
685.12,110.4
681.27,107.69
679.9,107.02
672.6,104.97
666.33,103.22
662.91,102.26
653.28,99.548
652.76,99.397
643.97,96.834
639.2,95.44
634.67,94.121
625.63,91.483
625.37,91.407
616.06,88.693
612.06,87.526
607.18,85.98
598.63,83.266
598.49,83.224
593.36,80.553
588.15,77.839
584.92,76.159
582.94,75.126
584.92,73.511
586.28,72.412
590.02,69.698
593.77,66.985
597.52,64.271
598.49,63.57
602.19,61.558
607.17,58.844
612.06,56.183
612.16,56.131
617.36,53.417
622.56,50.704
624.35,47.99
624.91,45.276
624.88,42.563
623.82,39.849
622.76,37.136
621.7,34.422
620.64,31.709
619.58,28.995
618.52,26.281
612.06,25.367
598.49,23.641
597.92,23.568
584.92,22.791
571.36,21.92
559.17,20.854
557.79,20.719
544.22,19.548
530.65,18.363
528.11,18.141
517.09,17.177
503.52,15.991
500.63,15.427
489.95,13.337
485.44,12.714
476.38,12.223
462.81,12.223
449.25,12.223
435.68,12.223
422.11,12.223
408.54,12.223
394.97,12.223
381.41,12.223
367.84,12.223
354.27,12.223
340.7,12.223
327.14,12.223
313.57,11.785
300,11.123
,
,
# Contour value=1.00 ,
mST_GeV,deltaM_GeV
1160.6,550
1159.1,547.29
1157.5,544.57
1156,541.86
1154.8,539.62
1154.5,539.15
1153,536.43
1151.5,533.72
1150,531.01
1148.5,528.29
1147,525.58
1145.6,522.86
1144.1,520.15
1142.8,517.44
1141.5,514.72
1141.2,514.22
1140.1,512.01
1138.8,509.3
1137.5,506.58
1136.2,503.87
1134.8,501.16
1133.5,498.44
1132.2,495.73
1130.9,493.02
1129.5,490.3
1128.2,487.59
1127.6,486.89
1125,484.87
1119.8,482.16
1114.6,479.45
1114.1,479.19
1109.4,476.73
1104.2,474.02
1100.5,472.12
1099.7,471.31
1096.8,468.59
1093.9,465.88
1091.1,463.17
1088.2,460.45
1086.9,459.21
1085.4,457.74
1082.6,455.03
1079.8,452.31
1077,449.6
1074.4,446.88
1073.4,445.82
1071.8,444.17
1069.1,441.46
1066.5,438.74
1064,436.03
1061.5,433.32
1059.8,431.82
1058.6,430.6
1057.1,427.89
1055.5,425.18
1053.7,422.46
1052.5,419.75
1051.3,417.04
1050.1,414.32
1048.8,411.61
1047.6,408.89
1046.4,406.18
1046.2,405.73
1045.2,403.47
1044,400.75
1040.9,398.04
1037,395.33
1033.1,392.61
1032.7,392.29
1029.2,389.9
1024.7,387.19
1019.6,384.47
1019.1,384.25
1013.8,381.76
1008.1,379.05
1005.5,377.85
1003,376.33
998.58,373.62
994.12,370.9
991.96,369.59
989.97,368.19
986.1,365.48
982.24,362.76
978.39,360.06
978.38,360.05
974.51,357.34
970.65,354.62
966.79,351.91
964.82,350.42
963.2,349.2
960.28,346.48
957.36,343.77
954.43,341.06
951.51,338.34
951.26,338.11
948.58,335.63
945.66,332.91
942.53,330.2
938.67,327.49
937.69,326.85
934.16,324.77
929.55,322.06
924.95,319.35
924.12,318.86
920.34,316.63
915.73,313.92
911.13,311.21
910.55,310.87
907.4,308.49
903.8,305.78
900.21,303.07
896.98,300.64
896.77,300.35
893.37,297.64
890.12,294.92
885.08,292.21
883.42,291.04
881.87,289.5
878.73,286.78
874.48,284.07
871.16,281.36
869.85,280.29
867.94,278.64
864.52,275.93
861.2,273.22
857.88,270.5
856.28,269.19
854.56,267.79
851.24,265.08
847.92,262.36
844.61,259.65
842.71,258.1
841.29,256.93
837.97,254.22
834.65,251.51
832.17,248.79
830.75,246.08
829.32,243.37
829.15,243.03
827.73,240.65
825.15,237.94
820.06,235.23
815.58,233.88
811.03,232.51
802.01,229.8
802,229.8
796.7,227.09
791.4,224.37
788.44,222.86
786.26,221.66
781.31,218.94
776.37,216.23
774.87,215.41
771.42,213.52
766.47,210.8
761.53,208.09
761.31,207.97
756.58,205.38
751.64,202.66
747.74,200.51
746.72,199.95
743.38,197.24
740.03,194.52
736.69,191.81
734.17,189.77
733.32,189.1
729.07,186.38
722.95,183.67
720.6,182.87
714.57,180.95
707.04,178.56
706.41,178.24
701.02,175.53
695.64,172.81
693.47,171.72
691.17,170.1
687.32,167.39
683.47,164.67
679.9,162.16
679.61,161.96
675.76,159.25
671.91,156.53
668.06,153.82
666.33,152.6
664.2,151.11
661.7,148.39
660.12,145.68
658.55,142.96
656.97,140.25
655.4,137.54
653.82,134.82
652.76,133.01
652.24,132.11
650.48,129.4
647.56,126.68
642.07,123.97
639.2,123.12
632.55,121.26
625.63,119.32
622.85,118.54
613.16,115.83
612.06,115.52
606.28,113.12
599.77,110.4
598.49,109.87
597.05,107.69
594.46,104.97
590.03,102.26
584.92,100.39
582.08,99.548
575.12,96.834
571.36,95.369
568.15,94.121
561.71,91.407
557.79,89.875
554.97,88.693
548.77,85.98
544.22,83.609
543.61,83.266
538.35,80.553
533.14,77.839
530.65,76.543
527.93,75.126
530.65,72.91
531.27,72.412
535.01,69.698
539.18,66.985
543.23,64.271
544.22,63.865
550.42,61.558
556.52,58.844
557.79,58.346
563.43,56.131
570.35,53.417
571.36,53.02
577.26,50.704
578.78,47.99
578.42,45.276
578.05,42.563
577.69,39.849
577.32,37.136
576.96,34.422
576.52,31.709
575.69,28.995
574.61,26.281
571.36,25.76
557.79,23.583
557.7,23.568
544.22,22.39
530.65,21.205
526.65,20.854
517.09,20.019
503.52,18.833
499.98,18.141
489.95,16.179
486.73,15.427
476.38,13.79
462.81,13.335
449.25,13.335
435.68,13.335
422.11,13.335
408.54,13.335
394.97,13.335
381.41,13.335
367.84,13.335
354.27,13.335
340.7,13.335
327.14,13.13
314.46,12.714
313.57,12.678
300,11.684
